idx,les,dk,en
01_Basics_1,0,drenge, = boys (en- word)
01_Basics_1,1,drengen, = the boy
01_Basics_1,10,kvinder, = the woman
01_Basics_1,11,pigerne, = the girls
01_Basics_1,12,drengene, = the boys
01_Basics_1,13,avisen, = the newspaper
01_Basics_1,14,sandwich, = sandwich
01_Basics_1,15,menu, = menu (en- word)
01_Basics_1,16,menuen, = the menu
01_Basics_1,17,bog, = book
01_Basics_1,18,har, = have/has
01_Basics_1,19,barn, = child (et- word)
01_Basics_1,2,piger, = girls (en- word)
01_Basics_1,20,I, = you (pl.)
01_Basics_1,21,det," = it/ that/ the"
01_Basics_1,22,kvinderen, = the women
01_Basics_1,23,mændene, = the men
01_Basics_1,3,pigen, = the girl
01_Basics_1,4,mælk, = milk
01_Basics_1,5,læser," = read/ reads/ am/is/are reading"
01_Basics_1,6,avis, = newspaper (en- word)
01_Basics_1,7,vi, = we
01_Basics_1,8,ris, = rice
01_Basics_1,9,mænd, = the man
02_Basics_2,0,kaffe, = coffee
02_Basics_2,1,vin, = wine
02_Basics_2,10,is," = ice cream/ ice"
02_Basics_2,11,frokost, = lunch
02_Basics_2,12,saft, = juice
02_Basics_2,13,morgenmad, = breakfast
02_Basics_2,14,frugt, = fruit
02_Basics_2,15,ost, = cheese
02_Basics_2,16,kage, = cake
02_Basics_2,17,jordbær, = strawberry
02_Basics_2,18,bøf, = steak
02_Basics_2,19,mad, = food
02_Basics_2,2,appelsin, = orange (the fruit) (en- word)
02_Basics_2,20,citron, = lemon
02_Basics_2,21,suppe, = soup
02_Basics_2,22,tomat, = tomato (en- word)
02_Basics_2,23,øl, = beer (en- word)
02_Basics_2,24,svinekød, = pork
02_Basics_2,25,kød, = meat
02_Basics_2,26,aftensmad, = dinner
02_Basics_2,27,te, = tea
02_Basics_2,28,olie, = oil
02_Basics_2,29,salt, = salt
02_Basics_2,3,kylling, = chicken
02_Basics_2,30,vegetar, = vegetarian
02_Basics_2,31,måltid, = meal (et- word)
02_Basics_2,4,æg ,= egg
02_Basics_2,5,tallerken ,= plate (en- word)
02_Basics_2,6,fisk, = fish
02_Basics_2,7,kartoffel, = potato
02_Basics_2,8,sukker ,= sugar
02_Basics_2,9,pasta, = pasta
03_Phrases,0,hej," = hello/ bye"
03_Phrases,1,ja, = yes
03_Phrases,10,siger," = say/says/ am/is/are saying"
03_Phrases,11,siger undskyld, = (I/you/he/she/it/we/they) apologise/apologises
03_Phrases,12,ikke," = not/ do/does not"
03_Phrases,13,goddag, = good day/hello
03_Phrases,14,godnat, = good night
03_Phrases,15,engelsk, = English
03_Phrases,16,snakker,"talk/talks/ am/is/are talking"
03_Phrases,17,måske, = maybe
03_Phrases,2,farvel," = goodbye/bye/ farewell"
03_Phrases,3,nej, = no
03_Phrases,4,tak," = thank you/thanks/ please"
03_Phrases,5,godmorgen, = good morning
03_Phrases,6,godaften, = good evening
03_Phrases,7,glad, = happy/fond
03_Phrases,8,velkommen," = welcome (as in ""Welcome to Denmark"")"
03_Phrases,9,undskyld, = sorry/excuse me
04_Food,0,mælken, = the milk (en- word)
04_Food,1,sandwichen, = the sandwich (en- word)
04_Food,10,saften, = the juice (en- word)
04_Food,11,morgenmaden, = the breakfast (en- word)
04_Food,12,frokosten, = the lunch (en- word)
04_Food,13,osten, = the cheese (en- word)
04_Food,14,pastaen, = the pasta (en- word)
04_Food,15,vinen, = the wine (en- word)
04_Food,16,fisken, = the fish (en- word)
04_Food,17,sukkeret, = the sugar (et- word)
04_Food,18,aviserne, = the newspapers
04_Food,19,dyrene, = the animals
04_Food,2,appelsinen, = the apple (en- word)
04_Food,20,bøgerne, = the books
04_Food,21,kattene, = the cats
04_Food,22,frugterne, = the fruits
04_Food,23,æblerne = ,the apples
04_Food,24,hestene, = the horses
04_Food,25,hundene, = the dogs
04_Food,26,bjørnene, = the bears
04_Food,27,maden, = the food (en- word)
04_Food,28,øllen, = the beer (en- word)
04_Food,29,jordbæret, = the strawberry (et- word)
04_Food,3,tallerkenen, = the plate (en- word)
04_Food,30,risene, = the rice
04_Food,31,tomaten, = the tomato (en- word)
04_Food,32,skildpadderne, = the turtles
04_Food,33,bøffen = ,the steak (en- word)
04_Food,34,suppen, = the soup (en- word)
04_Food,35,saltet, = the salt (et- word)
04_Food,36,vegetarene, = the vegetarians
04_Food,37,svinekødet = ,the pork (et- word)
04_Food,38,olien, = the oil (en- word)
04_Food,39,citronen, = the lemon (en- word)
04_Food,4,kaffen, = the coffee (en- word)
04_Food,40,måltidet, = the meal (et- word)
04_Food,41,teen, = the tea (en- word)
04_Food,42,kødet, = the meat (et- word)
04_Food,43,børnene ,= the children
04_Food,44,appelsinerne ,= the oranges
04_Food,45,aftensmaden, = the dinner (en- word)
04_Food,5,bogen, = the book (en- word)
04_Food,6,kyllingen, = the chicken (en- word)
04_Food,7,barnet, = the child (et- word)
04_Food,8,ægget, = the egg (et- word)
04_Food,9,frugten = ,the fruit (en- word)
05_Animals,1,dyret, = the animal (et- word)
05_Animals,10,hesten, = the horse (en- word)
05_Animals,11,krabben, = the crab (en- word)
05_Animals,12,kartoflen, = the potato (en- word)
05_Animals,13,musen, = the mouse (en- word)
05_Animals,14,øllene, = the beers (en- word)
05_Animals,15,edderkoppen, = the spider (en- word)
05_Animals,16,bjørnen, = the bear (en- word)
05_Animals,17,skildpadde ,= turtle (en- word)
05_Animals,18,fugl, = bird (en- word)
05_Animals,19,hest, = horse (en- word)
05_Animals,2,kagen, = the cake (en- word)
05_Animals,20,elefant, = elephant (en- word)
05_Animals,21,and, = duck (en- word)
05_Animals,22,kat, = cat (en- word)
05_Animals,23,mus, = mouse (en- word)
05_Animals,24,bjørn, = bear
05_Animals,25,krabbe, = crab
05_Animals,26,katten ,= the cat
05_Animals,27,dyr, = animal (et- word)
05_Animals,28,hund, = dog (en- word)
05_Animals,29,hunden, = the dog
05_Animals,3,vegetaren, = the vegetarian (en- word)
05_Animals,30,edderkop, = spider
05_Animals,31,løve, = lion (en- word)
05_Animals,32,ugle, = owl (en- word)
05_Animals,33,fuglen, = the bird
05_Animals,4,elefanterne, = the elephants 
05_Animals,5,tellerknerne, = the plates 
05_Animals,6,sandwichene, = the sandwiches 
05_Animals,7,anden, = the duck (en- word)
05_Animals,8,skildpadden, = the turtle (en- word)
05_Animals,9,elefanten, = the elephant (en- word)
06_Definites,0,mælken,the milk (en- word)
06_Definites,1,sandwichen,the sandwich (en- word)
06_Definites,10,saften,the juice (en- word)
06_Definites,11,morgenmaden,the breakfast (en- word)
06_Definites,12,frokosten,the lunch (en- word)
06_Definites,13,osten,the cheese (en- word)
06_Definites,14,pastaen,the pasta (en- word)
06_Definites,15,vinen,the wine (en- word)
06_Definites,16,fisken,the fish (en- word)
06_Definites,17,sukkeret,the sugar (et- word)
06_Definites,18,aviserne,the newspapers
06_Definites,19,dyrene,the animals
06_Definites,2,appelsinen,the apple (en- word)
06_Definites,20,bøgerne,the books
06_Definites,21,kattene,the cats
06_Definites,22,frugterne,the fruits
06_Definites,23,æblerne,the apples
06_Definites,24,hestene,the horses
06_Definites,25,hundene,the dogs
06_Definites,26,bjørnene,the bears
06_Definites,27,maden,the food (en- word)
06_Definites,28,øllen,the beer (en- word)
06_Definites,29,jordbæret,the strawberry (et- word)
06_Definites,3,tallerkenen,the plate (en- word)
06_Definites,30,risene,the rice
06_Definites,31,tomaten,the tomato (en- word)
06_Definites,32,skildpadderne,the turtles
06_Definites,33,bøffen,the steak (en- word)
06_Definites,34,suppen,the soup (en- word)
06_Definites,35,saltet,the salt (et- word)
06_Definites,36,vegetarene,the vegetarians
06_Definites,37,svinekødet,the pork (et- word)
06_Definites,38,olien,the oil (en- word)
06_Definites,39,citronen,the lemon (en- word)
06_Definites,4,kaffen,the coffee (en- word)
06_Definites,40,måltidet,the meal (et- word)
06_Definites,41,teen,the tea (en- word)
06_Definites,42,kødet,the meat (et- word)
06_Definites,43,børnene,the children
06_Definites,44,appelsinerne,the oranges
06_Definites,45,aftensmaden,the dinner (en- word)
06_Definites,46,fluglene,the birds
06_Definites,47,dyret,the animal (et- word)
06_Definites,48,kagen,the cake (en- word)
06_Definites,49,vegetaren,the vegetarian (en- word)
06_Definites,5,bogen,the book (en- word)
06_Definites,50,elefanterne,the elephants
06_Definites,51,tellerknerne,the plates
06_Definites,52,sandwichene,the sandwiches
06_Definites,53,anden,the duck (en- word)
06_Definites,54,skildpadden,the turtle (en- word)
06_Definites,55,elefanten,the elephant (en- word)
06_Definites,56,hesten,the horse (en- word)
06_Definites,57,krabben,the crab (en- word)
06_Definites,58,kartoflen,the potato (en- word)
06_Definites,59,musen,the mouse (en- word)
06_Definites,6,kyllingen,the chicken (en- word)
06_Definites,60,øllene,the beers (en- word)
06_Definites,61,edderkoppen,the spider (en- word)
06_Definites,62,bjørnen,the bear (en- word)
06_Definites,7,barnet,the child (et- word)
06_Definites,8,ægget,the egg (et- word)
06_Definites,9,frugten,the fruit (en- word)
07_Plurals,1,heste, = horses
07_Plurals,10,appelsiner, = oranges
07_Plurals,11,frugter, = fruit/fruits
07_Plurals,12,tallerkner, = plates
07_Plurals,13,bjørne, = bears
07_Plurals,14,elefanter, = elephants
07_Plurals,15,skildpadder, = turtles
07_Plurals,16,vegetarer, = vegetarians
07_Plurals,17,sandwiches, = sandwiches
07_Plurals,18,kartofler, = potatoes
07_Plurals,2,hunde, = dogs
07_Plurals,3,katte, = cats
07_Plurals,4,ænder, = ducks
07_Plurals,5,bøger, = books
07_Plurals,6,aviser, = newspapers
07_Plurals,7,børn, = children
07_Plurals,8,fugle, = birds
07_Plurals,9,æbler, = apples
08_Genitive_Case,1,mig, = me
08_Genitive_Case,10,bjørnens, = the bear's
08_Genitive_Case,11,en piges, = a girl's
08_Genitive_Case,12,pigens, = the girl's
08_Genitive_Case,13,en drengs, = a boy's
08_Genitive_Case,14,drengens, = the boy's
08_Genitive_Case,15,andens, = the duck's
08_Genitive_Case,16,kvinders, = women's
08_Genitive_Case,17,kvindernes, = the women's
08_Genitive_Case,18,mænds, = men's
08_Genitive_Case,19,mændenes, = the men's
08_Genitive_Case,2,dig, = you
08_Genitive_Case,20,fiskens, = the fish's
08_Genitive_Case,3,ham, = him
08_Genitive_Case,4,hende, = her
08_Genitive_Case,5,dem, = them
08_Genitive_Case,6,en kvindes, = a woman's
08_Genitive_Case,7,kvindens, = the woman's
08_Genitive_Case,8,en mands, = a man's
08_Genitive_Case,9,mandens, = the man's
09_Possessive_Pronouns,1,min, = my/mine (for en- words)
09_Possessive_Pronouns,10,dets, = its
09_Possessive_Pronouns,11,vores, = our/ours
09_Possessive_Pronouns,12,jeres, = your/yours (plural)
09_Possessive_Pronouns,13,deres, = theirs
09_Possessive_Pronouns,14,sin, = his/her/its
09_Possessive_Pronouns,15,sine, = his/her/its
09_Possessive_Pronouns,16,sit, = his/her/its
09_Possessive_Pronouns,2,mine, = my/mine (plural)
09_Possessive_Pronouns,3,mit, = my/mine (for et- words)
09_Possessive_Pronouns,4,din, = your/yours (for en- words)
09_Possessive_Pronouns,5,dine, = your/yours (plural)
09_Possessive_Pronouns,6,dit, = your/yours (et- words)
09_Possessive_Pronouns,7,hans, = his
09_Possessive_Pronouns,8,hendes, = her
09_Possessive_Pronouns,9,dens, = its
10_Objective_Pronouns,1,mig, = me
10_Objective_Pronouns,10,jer, = you (plural)
10_Objective_Pronouns,2,dig, = you
10_Objective_Pronouns,3,ham, = him
10_Objective_Pronouns,4,hende, = her
10_Objective_Pronouns,5,dem, = them
10_Objective_Pronouns,7,den, = it/that
10_Objective_Pronouns,8,det, = it/that
10_Objective_Pronouns,9,os, = us
11_Clothing,1,har,= have/has
11_Clothing,10,sko,= shoe
11_Clothing,11,en jakke,= a jacket
11_Clothing,12,jakken,= the jacket
11_Clothing,13,skjorten,= the shirt
11_Clothing,14,skjorterne,= the shirts
11_Clothing,15,bukser,= pants/trousers
11_Clothing,16,bukserne,= the pants/trousers
11_Clothing,17,strømpe,= sock
11_Clothing,18,strømper,= socks
11_Clothing,19,hat,= hat
11_Clothing,2,på,= on
11_Clothing,20,hattene,= the hats
11_Clothing,21,jakkesæt,= suit
11_Clothing,22,jakkesættet,= the suit
11_Clothing,23,tøj,= clothes
11_Clothing,24,tøjet,= the clothes
11_Clothing,3,har på,= wear/wears / am/is/are wearing
11_Clothing,4,frakke,= coat
11_Clothing,5,nederdel,= skirt
11_Clothing,6,nederdelen,= the skirt
11_Clothing,7,nederdele,= skirts
11_Clothing,8,kjole,= dress
11_Clothing,9,kjoler,= dresses
12_VerbsPresent_1,0,går," = walk/walks/ am/is/are walking"
12_VerbsPresent_1,0,har, = have/has
12_VerbsPresent_1,1,løber," = run/runs/ am/is/are running"
12_VerbsPresent_1,1,på, = on
12_VerbsPresent_1,10,gerne have, = like/want/wants to have
12_VerbsPresent_1,11,betaler, = pay/pays
12_VerbsPresent_1,12,kan godt lide, = like/likes
12_VerbsPresent_1,13,leger, = play/plays (playing e.g. children playing together)
12_VerbsPresent_1,14,spiller, = play/plays (a game with rules e.g football/cars)
12_VerbsPresent_1,15,tager, = take/takes
12_VerbsPresent_1,16,tager afsted," = leave/leaves/ am/is/are leaving"
12_VerbsPresent_1,17,bruger, = use/uses
12_VerbsPresent_1,18,elsker, = love/loves
12_VerbsPresent_1,19,regner," = rain/rains/ raining"
12_VerbsPresent_1,2,har på, = wear/wears / am/is/are wearing
12_VerbsPresent_1,2,ser," = see/sees/ am/is/are seeing"
12_VerbsPresent_1,20,fortæller," = tell/tells/ telling"
12_VerbsPresent_1,21,om, = about
12_VerbsPresent_1,22,arbejder," = work/words/ working"
12_VerbsPresent_1,23,finder, = find/finds
12_VerbsPresent_1,24,hører, = hear/hears
12_VerbsPresent_1,25,lytter," = listen/listens/ listening"
12_VerbsPresent_1,26,ved, = know/knows (a fact)
12_VerbsPresent_1,27,til, = to
12_VerbsPresent_1,28,behøver, = need/needs
12_VerbsPresent_1,29,får, = get/gets
12_VerbsPresent_1,3,skriver," = write/writes/ am/is/are writing"
12_VerbsPresent_1,30,kender, = know/knows (someone/someplace)
12_VerbsPresent_1,31,designer, = design/designs
12_VerbsPresent_1,32,viser, = show/shows
12_VerbsPresent_1,33,støtter, = support/supports
12_VerbsPresent_1,4,sover," = sleep/sleeps/ am/is/are sleeping"
12_VerbsPresent_1,5,svømmer," = swim/swims/ am/is/are swimming"
12_VerbsPresent_1,6,rører," = touch/touches/ am/is/are touching"
12_VerbsPresent_1,7,koger, = boil/boils
12_VerbsPresent_1,8,laver, = make/makes
12_VerbsPresent_1,9,synger, = sing/sings
13_Colors,0,blå, = blue
13_Colors,1,grønt, = green
13_Colors,2,gult, = yellow
13_Colors,3,gule," = yellow (definite noun/ or plural)"
13_Colors,4,hvid, = white
13_Colors,5,hvide, = white (plural)
13_Colors,6,rød, = red
13_Colors,7,røde, = red (plural)
13_Colors,8,sort, = black
13_Colors,9,farver, = colors
13_Colors,10,farverigt, = colorful
13_Colors,11,farverige, = colorful (plural)
13_Colors,12,brun, = brown
13_Colors,13,brune, = brown (definite noun/ or plural)
13_Colors,14,brunt, = brown (neuter et- word)
13_Colors,15,grå, = gray
13_Colors,16,lilla, = purple
13_Colors,17,orange, = orange
13_Colors,18,lys, = light
13_Colors,19,lyse, = bright
13_Colors,20,mørk, = dark
13_Colors,21,Lesson 1
13_Colors,22,lyseblåt, = light blue
13_Colors,23,mørkeblå, = dark blue
13_Colors,24,lysegrønt, = light green
13_Colors,25,lysegrønne, = light green
13_Colors,26,mørkegrøn, = dark green
13_Colors,27,mørkegrønne, = dark green
13_Colors,28,lyserød, = pink
13_Colors,29,lyserøde, = pink
13_Colors,30,mørkerød, = dark red
13_Colors,31,mørkerøde, = dark red
14_Questions,0,at, = that
14_Questions,1,fordi, = because
14_Questions,2,eller, = or
14_Questions,3,om, = if
14_Questions,4,hvis, = if
14_Questions,5,men, = but
14_Questions,6,når, = when
14_Questions,7,mens, = while/when
15_Prepositions_1,0,fra, = from
15_Prepositions_1,1,i, = in
15_Prepositions_1,10,efter, = after
15_Prepositions_1,11,under, = under
15_Prepositions_1,12,omkring, = around
15_Prepositions_1,13,som, = like/what
15_Prepositions_1,14,tilbage, = back
15_Prepositions_1,15,nær ved, = close/near to
15_Prepositions_1,16,før, = until
15_Prepositions_1,17,for, = for
15_Prepositions_1,18,mellem, = between
15_Prepositions_1,19,på, = on
15_Prepositions_1,2,ved = ,next to
15_Prepositions_1,3,rører ved, = touch/touches
15_Prepositions_1,4,med, = with
15_Prepositions_1,5,uden, = without
15_Prepositions_1,6,til, = to
15_Prepositions_1,7,om, = about
15_Prepositions_1,8,af, = off
15_Prepositions_1,9,bag, = behind
16_Conjunctions,0,hvad ,= what
16_Conjunctions,1,hvor, = where
16_Conjunctions,10,et, 
16_Conjunctions,11,svar, = an answer
16_Conjunctions,12,svaret, = the answer
16_Conjunctions,13,svarene, = the answers
16_Conjunctions,2,hvordan, = how
16_Conjunctions,3,hvem, = who
16_Conjunctions,4,hvis, = whose
16_Conjunctions,5,hvorfor, = why
16_Conjunctions,6,hvilke, = which
16_Conjunctions,7,hvornår, = when
16_Conjunctions,8,et spørgsmål, = a question
16_Conjunctions,9,spørgsmålene, = the questions
17_Time,1,morgen,= morning
17_Time,10,nat,= night
17_Time,11,mandag,= Monday
17_Time,12,tirsdag,= Tuesday
17_Time,13,tirsdage,= Tuesdays
17_Time,14,onsdag,= Wednesday
17_Time,15,torsdag,= Thursday
17_Time,16,torsdage,= Thursdays
17_Time,17,fredag,= Friday
17_Time,18,fredagen,= the Friday
17_Time,19,hverdag,= weekday
17_Time,2,formiddagen,= the morning
17_Time,20,hverdage,= weekdays
17_Time,21,hverdagene,= the weekdays
17_Time,22,kalender,= calendar
17_Time,23,lørdag,= Saturday
17_Time,24,søndag,= Sunday
17_Time,25,om søndagen,= on Sundays
17_Time,26,weekend,= weekend
17_Time,27,weekenden,= the weekend
17_Time,28,alder,= age
17_Time,29,alderen,= the age
17_Time,3,formiddagene,= the mornings
17_Time,30,aldrene,= the ages
17_Time,31,en time,= an hour
17_Time,32,en uge,= a week
17_Time,33,ugen,= the week
17_Time,34,en måned,= a month
17_Time,35,et år,= a year
17_Time,36,året,= the year
17_Time,37,dato,= date
17_Time,38,datoen,= the date
17_Time,39,januar,= January
17_Time,4,eftermiddag,= afternoon
17_Time,40,februar,= February
17_Time,41,marts,= March
17_Time,42,april,= April
17_Time,43,maj,= May
17_Time,44,juni,= June
17_Time,45,en sæson,= a season
17_Time,46,sæsonen,= the season
17_Time,47,sæsonerne,= the seasons
17_Time,48,juli,= July
17_Time,49,august,= August
17_Time,5,eftermiddagen,= the afternoon
17_Time,50,september,= September
17_Time,51,oktober,= October
17_Time,52,november,= November
17_Time,53,december,= December
17_Time,54,et minut,= a minute
17_Time,55,et århundred,= a century
17_Time,56,en periode,= a period
17_Time,57,perioden,= the period
17_Time,58,perioderne,= the periods
17_Time,59,vinter,= Winter
17_Time,6,i dag,= today
17_Time,60,vinteren,= the Winter
17_Time,61,forår,= Spring
17_Time,62,foråret,= the Spring
17_Time,63,sommer,= Summer
17_Time,64,sommeren,= the Summer
17_Time,65,efteråret,= the Fall/Autumn
17_Time,66,fødsel,= birth
17_Time,67,fødslen,= the birth
17_Time,68,fødslerne,= the births
17_Time,69,generation,= generation
17_Time,7,i aften,= tonight
17_Time,70,generationen,= the generation
17_Time,71,et marked,= a market
17_Time,72,markedet,= the market/fair
17_Time,73,fest,= party
17_Time,74,festen,= the party
17_Time,75,en scene,= a stage/scene
17_Time,76,scenen,= the stage
17_Time,77,et øjeblik,= a moment
17_Time,78,øjeblikket,= the moment
17_Time,79,i øjeblikket,= currently
17_Time,8,i morgen,= tomorrow
17_Time,80,midnat,= midnight
17_Time,81,et sekund,= a second
17_Time,82,sekunder,= seconds
17_Time,83,et årti,= a decade
17_Time,84,årtier,= decades
17_Time,85,en smule,= a bit
17_Time,86,middag,= noon
17_Time,87,indtil,= until
17_Time,9,tid,= time
18_Family,0,forældre, = parents
18_Family,1,forældrene, = the parents
18_Family,10,sønnerne, = the sons
18_Family,11,datteren, = the daughter
18_Family,12,døtre, = daughters
18_Family,13,døtrene, = the daughters
18_Family,14,familie, = family
18_Family,15,familien, = the family
18_Family,16,mand, = husband
18_Family,17,kone, = wife
18_Family,18,koner, = wives
18_Family,19,onkel, = uncle
18_Family,2,far, = father
18_Family,20,onkler, = uncles
18_Family,21,tante, = aunt
18_Family,22,tanter, = aunts
18_Family,23,søskende, = siblings
18_Family,24,et ægteskab, = a marriage
18_Family,25,ægteskaberne, = the marriages
18_Family,26,bedstefar, = grandfather
18_Family,27,bedstefædre, = grandfathers
18_Family,28,bedstefaren, = the grandfather
18_Family,29,bedstemor, = grandmother
18_Family,3,faren, = the father
18_Family,30,bedstemødre, = grandmothers
18_Family,31,gæst, = guest
18_Family,32,gæsten, = the guest
18_Family,33,bamse, = teddy bear
18_Family,34,bamsen, = the teddy bear
18_Family,35,legetøj, = toy
18_Family,36,en leg, = a game
18_Family,37,et navn, = a name
18_Family,4,mor, = mother
18_Family,5,moren, = the mother
18_Family,6,bror, = brother
18_Family,7,søster, = sister
18_Family,8,søn, = son
18_Family,9,sønner, = sons
19_Occupation,0,der, = there
19_Occupation,1,for, = too
19_Occupation,10,henne, = at
19_Occupation,11,her, = here
19_Occupation,12,også, = too/also
19_Occupation,13,ret," = pretty/ very"
19_Occupation,14,bare, = just
19_Occupation,15,endda, = even
19_Occupation,16,engang, = even/once
19_Occupation,17,ikke engang, = not even
19_Occupation,18,godt, = well
19_Occupation,19,imidlertid, = however
19_Occupation,2,hen til, = to
19_Occupation,20,kun, = only
19_Occupation,21,selv, = even
19_Occupation,22,stadig, = still
19_Occupation,23,allerede, = already
19_Occupation,24,endnu, = yet/even
19_Occupation,25,endnu ikke, = not yet
19_Occupation,26,igen, = again
19_Occupation,27,lidt, = a bit
19_Occupation,28,for lidt, = too little?
19_Occupation,29,nogensinde, = ever
19_Occupation,3,meget, = very
19_Occupation,30,mindst, = least
19_Occupation,31,i det mindste, = at least
19_Occupation,32,væk, = away
19_Occupation,33,virkelig, = really
19_Occupation,34,ellers, = else
19_Occupation,35,i øjeblikket, = currently/at the moment
19_Occupation,36,langt, = far
19_Occupation,37,længe, = long (time)/ long a time"
19_Occupation,39,sædvanligvis, = usually
19_Occupation,4,mere, = more
19_Occupation,40,senere, = later
19_Occupation,41,snart, = soon
19_Occupation,42,tilstrækkeligt, = enough
19_Occupation,43,endelig, = finally
19_Occupation,44,for, = too
19_Occupation,45,generelt, = generally
19_Occupation,46,især, = especially
19_Occupation,47,mens, = while
19_Occupation,48,næsten, = almost
19_Occupation,49,nemt, = easily
19_Occupation,5,nu, = now
19_Occupation,50,om, = during/in
19_Occupation,51,sent, = late
19_Occupation,52,sommetider, = sometimes
19_Occupation,53,tidligt, = early/soon
19_Occupation,54,fuldstændigt, = completely
19_Occupation,55,inde, = inside
19_Occupation,56,muligvis, = possibly
19_Occupation,57,omtrent, = approximately
19_Occupation,58,præcis, = exactly
19_Occupation,59,præcist, = exactly
19_Occupation,6,så, = so
19_Occupation,60,tydeligt, = clearly
19_Occupation,61,ude, = out/outside
19_Occupation,62,lige meget = ,it does not matter
19_Occupation,63,lige så meget som, = as much as
19_Occupation,64,bestemt, = definitely
19_Occupation,65,nødvendigvis, = necessarily
19_Occupation,66,hverken, = neither
19_Occupation,67,normalt, = normally
19_Occupation,68,perfekt, = perfect/perfectly
19_Occupation,69,personligt, = personal
19_Occupation,7,aldrig, = never
19_Occupation,70,langsomt, = slowly
19_Occupation,71,sammen, = together
19_Occupation,8,altid, = always
19_Occupation,9,derefter, = then
19_Occupation,72,studerende, = student
19_Occupation,73,doktor, = doctor
19_Occupation,74,arbejde, = work/job
19_Occupation,75,arbejdet, = the work/job
19_Occupation,76,en advokat, = a lawyer
19_Occupation,77,advokaten, = the lawyer
19_Occupation,78,advokaterne, = the lawyers
19_Occupation,79,direktør, = manager/director
19_Occupation,80,direktøren, = the manager/director
19_Occupation,81,kunstner, = artist
19_Occupation,82,kunstneren, = the artist
19_Occupation,83,ninjaer, = ninjas
19_Occupation,84,doktorer, = doctors
19_Occupation,85,ninjaen, = the ninja
19_Occupation,86,ninjaerne, = the ninjas
19_Occupation,87,politi, = police
19_Occupation,88,en sekretær, = a secretary
19_Occupation,89,sekretæren, = the secretary
19_Occupation,90,arbejder, = worker
19_Occupation,91,arbejderne, = the workers
19_Occupation,92,karriere, = career
19_Occupation,93,betjent, = police officer
19_Occupation,94,en betjent, = a police officer
19_Occupation,95,en forfatter, = an author
19_Occupation,96,en borgmester, = a mayor
19_Occupation,97,dommer, = judge/referee
19_Occupation,98,en dommer, = a judge/referee
19_Occupation,99,dommere, = judges/referees
19_Occupation,100,professionel, = professional
19_Occupation,101,professionelle, = professionals
19_Occupation,102,skuespillere, = actors/actresses
19_Occupation,103,skuespilleren, = the actor/actress
19_Occupation,104,soldat, = soldier
19_Occupation,105,soldater, = soldiers
19_Occupation,106,soldaterne, = the soldiers
19_Occupation,107,forfattere, = authors
19_Occupation,108,vagt, = guard
19_Occupation,109,en vagt, = a guard
19_Occupation,110,arkitekt, = architect
19_Occupation,111,chef, = boss
19_Occupation,112,chefen, = the boss/manager
19_Occupation,113,chefer, = bosses
19_Occupation,114,erhverv, = profession
19_Occupation,115,erhvervet, = the profession
19_Occupation,116,en ingeniør, = an engineer
19_Occupation,117,ingeniøren, = the engineer
19_Occupation,118,en model, = a model
19_Occupation,119,kok, = cook/chef
19_Occupation,120,kokke, = cooks/chefs
19_Occupation,121,landmand, = farmer
19_Occupation,122,landmænd, = farmers
19_Occupation,123,servitrice, = waitress
19_Occupation,124,tjener, = waiter/servant
19_Occupation,125,tjeneren, = the waiter/servant
19_Occupation,126,modellen, = the model
19_Occupation,127,modeller, = models
19_Occupation,128,personalet, = the staff
19_Occupation,129,et job, = a job
20_Adjectives_1,1,generel, = general (common singular)
20_Adjectives_1,2,generelle, = general (plural or definite)
20_Adjectives_1,3,lille, = little (common singular)
20_Adjectives_1,4,næste, = next (common singular)
20_Adjectives_1,5,rigtig, = real (common singular)
20_Adjectives_1,6,rigtigt, = real (neuter singular)
20_Adjectives_1,7,rigtige, = real (plural or definite)
20_Adjectives_1,8,samme, = same (plural or definite)
20_Adjectives_1,9,små, = little (plural or definite)
20_Adjectives_1,10,tosproget, = bilingual (common singular)
20_Adjectives_1,11,tosprogede, = bilingual (plural or definite)
20_Adjectives_1,12,træt, = tired (neuter singular)
20_Adjectives_1,13,trætte, = tired (plural or definite)
20_Adjectives_1,14,Lesson 2
20_Adjectives_1,15,åben, = open
20_Adjectives_1,16,egen, = own (common singular)
20_Adjectives_1,17,eget, = own (neuter singular)
20_Adjectives_1,18,egne, = own (plural or definite)
20_Adjectives_1,19,fantastiske, = amazing/fantastic
20_Adjectives_1,20,lokal, = local (common singular)
20_Adjectives_1,21,lokalt, = local (neuter singular)
20_Adjectives_1,22,lokale, = local (plural or definite)
20_Adjectives_1,23,personlig, = personal (common singular)
20_Adjectives_1,24,personlige, = personal (plural or definite)
20_Adjectives_1,25,private, = private
20_Adjectives_1,26,specielt, = special (neuter singular)
20_Adjectives_1,27,specielle, = special (plural or definite)
20_Adjectives_1,28,stor, = big (common singular)
20_Adjectives_1,29,stort, = big (neuter singular)
20_Adjectives_1,30,store, = big (plural or definite)
20_Adjectives_1,31,Lesson 3
20_Adjectives_1,32,anderledes, = different
20_Adjectives_1,33,beskidt, = dirty (neuter singular)
20_Adjectives_1,34,beskidte, = dirty (plural or definite)
20_Adjectives_1,35,dansk, = Danish (common singular)
20_Adjectives_1,36,danske, = Danish (plural or definite)
20_Adjectives_1,37,lovlig, = legal (common singular)
20_Adjectives_1,38,lovligt, = legal (neuter singular)
20_Adjectives_1,39,lovlige, = legal (plural or definite)
20_Adjectives_1,40,menneskelig, = human (common singular)
20_Adjectives_1,41,menneskeligt, = human (neuter singular)
20_Adjectives_1,42,menneskelige, = human (plural)
20_Adjectives_1,43,nylig, = recent (common singular)
20_Adjectives_1,44,nylige, = recent (plural or definite)
20_Adjectives_1,45,ren, = clean (common singular)
20_Adjectives_1,46,rent, = clean (plural or definite)
20_Adjectives_1,47,venstre, = left
20_Adjectives_1,48,Lesson 4
20_Adjectives_1,49,fremtidige, = future
20_Adjectives_1,50,levende, = living
20_Adjectives_1,51,mulig, = possible (common singular)
20_Adjectives_1,52,muligt, = possible (neuter singular)
20_Adjectives_1,53,mulige, = possible (plural or definite)
20_Adjectives_1,54,populært, = popular (neuter singular)
20_Adjectives_1,55,populære, = popular (plural or definite)
20_Adjectives_1,56,tilgængelig, = available (common singular)
20_Adjectives_1,57,tilgængeligt, = available (neuter singular)
20_Adjectives_1,58,tilgængelige, = available (plural or definite)
20_Adjectives_1,59,vigtig, = important (common singular)
20_Adjectives_1,60,vigtigt, = important (neuter singular)
20_Adjectives_1,61,vigtige, = important (plural or definite)
20_Adjectives_1,62,Lesson 5
20_Adjectives_1,63,ansvarlig, = responsible (singular common)
20_Adjectives_1,64,ansvarligt, = responsible (singular neuter)
20_Adjectives_1,65,endeligt, = final (singular neuter)
20_Adjectives_1,66,hel, = whole (singular common)
20_Adjectives_1,67,helt, = whole/all (neuter singular)
20_Adjectives_1,68,hele, = whole/all (plural or definite)
20_Adjectives_1,69,militær, = military (singular common)
20_Adjectives_1,70,militære, = military (plural or definite)
20_Adjectives_1,71,nødvendig, = necessary (common singular)
20_Adjectives_1,72,nødvendigt, = necessary (neuter singular)
20_Adjectives_1,73,nødvendige, = necessary (plural or definite)
20_Adjectives_1,74,officiel, = official (common singular)
20_Adjectives_1,75,officielt, = official (neuter singular)
20_Adjectives_1,76,officielle, = official (plural or definite)
20_Adjectives_1,77,uafhængigt, = independent (neuter singular)
20_Adjectives_1,78,uafhængige, = independent (plural or definite)
20_Adjectives_1,79,Lesson 6
20_Adjectives_1,80,fremragende, = excellent/fantastic
20_Adjectives_1,81,moderne, = modern (plural or definite)
20_Adjectives_1,82,normal, = normal (common singular)
20_Adjectives_1,83,normalt, = normal (neuter singular)
20_Adjectives_1,84,normale, = normal (plural or definite)
20_Adjectives_1,85,ond, = evil (common singular)
20_Adjectives_1,86,onde, = evil/evil ones (plural or definite)
20_Adjectives_1,87,perfekt, = perfect (neuter singular)
20_Adjectives_1,88,perfekte, = perfect (plural or definite)
20_Adjectives_1,89,positiv, = positive (common singular)
20_Adjectives_1,90,positivt, = positive (neuter singular)
20_Adjectives_1,91,positive, = positive (plural or definite)
20_Adjectives_1,92,smuk, = beautiful (common singular)
20_Adjectives_1,93,smukt, = beautiful (neuter singular)
20_Adjectives_1,94,smukke, = beautiful (plural or definite)
20_Adjectives_1,95,Lesson 7
20_Adjectives_1,96,forkert, = wrong (neuter singular)
20_Adjectives_1,97,forkerte, = wrong (plural or definite)
20_Adjectives_1,98,historisk, = historical (common singular)
20_Adjectives_1,99,historiske, = historical (plural or definite)
20_Adjectives_1,100,interessant, = interesting (neuter singular)
20_Adjectives_1,101,interessante, = interesting (plural or definite)
20_Adjectives_1,102,kulturel, = cultural (common singular)
20_Adjectives_1,103,kulturelt, = cultural (neuter singular)
20_Adjectives_1,104,kulturelle, = cultural (plural or definite)
20_Adjectives_1,105,religiøs, = religious (common singular)
20_Adjectives_1,106,religiøst, = religious (neuter singular)
20_Adjectives_1,107,seriøs, = serious (common singular)
20_Adjectives_1,108,seriøst, = serious (neuter singular)
20_Adjectives_1,109,seriøse, = serious (plural or definite)
20_Adjectives_1,110,traditionel, = traditional (common singular)
20_Adjectives_1,111,traditionelle, = traditional (plural or definite)
20_Adjectives_1,112,Lesson 8
20_Adjectives_1,113,i live, = alive
20_Adjectives_1,114,berømt, = famous (neuter singular)
20_Adjectives_1,115,berømte, = famous (plural or definite)
20_Adjectives_1,116,dyr, = expensive (common singular)
20_Adjectives_1,117,dyrt, = expensive (neuter singular)
20_Adjectives_1,118,effektiv, = effective (common singular)
20_Adjectives_1,119,effektive, = effective (plural or definite)
20_Adjectives_1,120,negativ, = negative (common singular)
20_Adjectives_1,121,negativt, = negative (neuter singular)
20_Adjectives_1,122,negative, = negative (plural or definite)
20_Adjectives_1,123,umulig, = impossible (common singular)
20_Adjectives_1,124,umuligt, = impossible (neuter singular)
20_Adjectives_1,125,umulige, = impossible (plural or definite)
20_Adjectives_1,126,underligt, = strange (neuter singular)
20_Adjectives_1,127,underlige, = strange (plural or definite)
20_Adjectives_1,128,velkendt, = familiar (neuter singular)
20_Adjectives_1,129,Lesson 9
20_Adjectives_1,130,bange, = afraid/scared (common singular)
20_Adjectives_1,131,bekvem, = convenient (common singular)
20_Adjectives_1,132,bekvemt, = convenient (neuter singular)
20_Adjectives_1,133,bekvemme, = convenient/confartable (plural or definite)
20_Adjectives_1,134,hyppigt, = frequent (neuter singular)
20_Adjectives_1,135,hyppige, = frequent (plural or definite)
20_Adjectives_1,136,modsatte, = opposite
20_Adjectives_1,137,praktisk, = convenient/practical (common singular)
20_Adjectives_1,138,praktiske, = convenient/practical (plural or definite)
20_Adjectives_1,139,sjov, = fun/funny (common singular)
20_Adjectives_1,140,sjovt, = fun/funny (neuter singular)
20_Adjectives_1,141,sjove, = fun/funny (plural or definite)
20_Adjectives_1,142,trist, = sad (neuter singular)
20_Adjectives_1,143,triste, = sad (plural or definite)
20_Adjectives_1,144,ked af det, = sorry/sad (common singular)
20_Adjectives_1,145,kede af det, = sorry/sad (plural or definite)
21_VerbsPresent_2,1,åbner,= open/opens
21_VerbsPresent_2,10,bor,= live/lives/living (in a house)
21_VerbsPresent_2,11,giver,= give/gives/giving
21_VerbsPresent_2,12,kigger,= look/looks/looking
21_VerbsPresent_2,13,kommer,= come/comes/coming
21_VerbsPresent_2,14,lever,= live/lives/ am/is/are alive
21_VerbsPresent_2,15,studerer,= study/studies/studying
21_VerbsPresent_2,16,tilbyder,= offer/offers/offering
21_VerbsPresent_2,17,inkluderer,= include/includes/including
21_VerbsPresent_2,18,præsenterer,= present/presents/presenting/ introduce/introduces/introducing
21_VerbsPresent_2,19,prøver,= try/tries/trying
21_VerbsPresent_2,2,ændrer,= change/changes/changing
21_VerbsPresent_2,20,spørger,= ask/asks/asking
21_VerbsPresent_2,21,taler,= speak/speaks/speaking
21_VerbsPresent_2,22,underskriver,= sign/signs/signing
21_VerbsPresent_2,23,afmærker,= mark/marks/marking
21_VerbsPresent_2,24,føler,= touch/touches/ feel/feels
21_VerbsPresent_2,25,husker,= remember/remembers
21_VerbsPresent_2,26,ønsker,= wish/wishes/ want/wants
21_VerbsPresent_2,27,står,= stand/stands/standing/ written (on the page)
21_VerbsPresent_2,28,stopper,= stop/stops/stopping
21_VerbsPresent_2,29,synes,= think/thinks/thinking (an opinion)/ like/likes
21_VerbsPresent_2,3,ændrer på,= alter/alters/altering
21_VerbsPresent_2,30,håber,= hope/hopes
21_VerbsPresent_2,31,håber på det,= hope/hopes so
21_VerbsPresent_2,32,opdrager,= raise/raises/raising
21_VerbsPresent_2,33,rækker,= hand/hands/handing
21_VerbsPresent_2,34,søger,= look/looks/looking/ search/searches/searching
21_VerbsPresent_2,35,svigter,= fail/ let down
21_VerbsPresent_2,36,tror,= believe/believes/ do/does think/ think/thinks
21_VerbsPresent_2,37,danser,= dance/dances/dancing
21_VerbsPresent_2,38,følger,= follow/follows/folllowing
21_VerbsPresent_2,39,overvejer,= consider/considers/considering
21_VerbsPresent_2,4,gemmer sig,= hide/hides/hiding
21_VerbsPresent_2,40,returnerer,= return/returns
21_VerbsPresent_2,41,takker,= thank/thanks
21_VerbsPresent_2,42,vender tilbage,= returning
21_VerbsPresent_2,43,begynder,= start/starts/ begin/begins/beginning
21_VerbsPresent_2,44,hviler,= rest/rests/resting
21_VerbsPresent_2,45,slutter,= end/ends/ending
21_VerbsPresent_2,46,stoler på,= trust/trusts
21_VerbsPresent_2,47,svarer,= answer/answers/answering
21_VerbsPresent_2,5,kalder på,= call/calls/calling for
21_VerbsPresent_2,6,redder,= save/saves/saving/ rescue/rescues/rescuing
21_VerbsPresent_2,7,ringer,= call/calls/rings
21_VerbsPresent_2,8,ringer til,= call/calls to
21_VerbsPresent_2,9,tænker,= think/thinks/thinking
22_Adverbs,0,åbner, = open/opens
22_Adverbs,1,ændrer, = change/changes/changing
22_Adverbs,10,bor, = live/lives/living (in a house)
22_Adverbs,11,giver, = give/gives/giving
22_Adverbs,12,kigger, = look/looks/looking
22_Adverbs,13,kommer, = come/comes/coming
22_Adverbs,14,lever, = live/lives/ am/is/are alive"
22_Adverbs,15,studerer, = study/studies/studying
22_Adverbs,16,tilbyder, = offer/offers/offering
22_Adverbs,17,inkluderer, = include/includes/including
22_Adverbs,18,præsenterer, = present/presents/presenting/ introduce/introduces/introducing
22_Adverbs,19,prøver, = try/tries/trying
22_Adverbs,2,ændrer på, = alter/alters/altering
22_Adverbs,20,spørger, = ask/asks/asking
22_Adverbs,21,taler, = speak/speaks/speaking
22_Adverbs,22,underskriver, = sign/signs/signing
22_Adverbs,23,afmærker, = mark/marks/marking
22_Adverbs,24,føler, = touch/touches/ feel/feels
22_Adverbs,25,husker, = remember/remembers
22_Adverbs,26,ønsker, = wish/wishes/ want/wants
22_Adverbs,27,står, = stand/stands/standing/ written (on the page)
22_Adverbs,28,stopper, = stop/stops/stopping
22_Adverbs,29,synes= think/thinks/thinking (an opinion)/ like/likes
22_Adverbs,3,gemmer sig, = hide/hides/hiding
22_Adverbs,30,håber, = hope/hopes
22_Adverbs,31,håber på det, = hope/hopes so
22_Adverbs,32,opdrager, = raise/raises/raising
22_Adverbs,33,rækker, = hand/hands/handing
22_Adverbs,34,søger, = look/looks/looking/ search/searches/searching
22_Adverbs,35,svigter, = fail/ let down
22_Adverbs,36,tror, = believe/believes/ do/does think/ think/thinks
22_Adverbs,37,danser, = dance/dances/dancing
22_Adverbs,38,følger, = follow/follows/folllowing
22_Adverbs,39,overvejer, = consider/considers/considering
22_Adverbs,4,kalder på, = call/calls/calling for
22_Adverbs,40,returnerer, = return/returns
22_Adverbs,41,takker, = thank/thanks
22_Adverbs,42,vender tilbage, = returning
22_Adverbs,43,begynder, = start/starts/ begin/begins/beginning
22_Adverbs,44,hviler, = rest/rests/resting
22_Adverbs,45,slutter, = end/ends/ending
22_Adverbs,46,stoler på, = trust/trusts
22_Adverbs,47,svarer, = answer/answers/answering
22_Adverbs,5,redder, = save/saves/saving/ rescue/rescues/rescuing
22_Adverbs,6,ringer, = call/calls/rings
22_Adverbs,7,ringer til, = call/calls to
22_Adverbs,9,tænker, = think/thinks/thinking
23_Places,1,hus,house
23_Places,2,hotel,hotel
23_Places,3,badeværelset,the bathroom
23_Places,4,strand,beach
23_Places,5,kokken,cook (person)
23_Places,5,køkken,kitchen
23_Places,6,gård,yard/farm/courtyard
23_Places,7,restauranten,the restaurant
23_Places,8,udenfor,outside
23_Places,9,lufthavn,airport
23_Places,10,kirke,church (kirkerne = churches)
23_Places,11,slottet,the castle
23_Places,12,land,country
23_Places,13,gade,street / gaderne = streets
23_Places,14,byer,cities (by = city)
23_Places,15,sted,place
23_Places,15,stedet,instead
23_Places,16,langs,along
23_Places,17,kontor,office
23_Places,18,områderne,the districts
23_Places,19,hjem,home
23_Places,20,ind,inside
23_Places,21,centrum,centery (city)
23_Places,22,plads,square (city)
23_Places,23,stue,living room
23_Places,24,adresserne,the addresses
23_Places,25,afdelingen,department
23_Places,26,ejendom,property
23_Places,27,rum,room
23_Places,28,bygning,building
23_Places,29,parken,the park
23_Places,30,soveværelse,bedroom
23_Places,31,distrikterne,the districts
23_Places,32,have,garden
23_Places,33,øerne,the islands
23_Places,34,bank,bank
23_Places,35,barerne,the bars
23_Places,36,region,region
23_Places,37,foran,in front of
23_Places,38,derinde,in there
23_Places,39,værelse,room
23_Places,40,station,station
23_Places,41,jorden,the ground
23_Places,42,museum,museum
23_Places,43,dalen,
23_Places,44,kyst,coast
23_Places,45,indenfor,within
23_Places,46,zone,zone
23_Places,47,derude,out there
23_Places,48,nabolag,neighborhood
23_Places,49,ruten,the route
23_Places,50,grænse,limit
23_Places,51,hjørnet,the corner
23_Places,52,tårn,tower
23_Places,53,biograf,movie theater
23_Places,54,boulevard,boulevard
23_Places,55,derhenne,over there
23_Places,56,fængsel,prison
23_Places,57,hovedstad,capital city
23_Places,58,paladserne,the palaces
23_Places,59,samfund,community
23_Places,60,landsby,village
23_Places,61,havnen,the port
23_Places,62,center,center
23_Places,63,højre,right
23_Places,64,torvet,the square
23_Places,65,oven,oven
23_Places,66,vest,west
23_Places,67,norden,norden
23_Places,68,bondegård,farm
23_Places,69,zoologisk,zoological
24_Objects,2 ,stol,chair
24_Objects,3 ,bord,table
24_Objects,4 ,seng,bed
24_Objects,5 ,skålen,the bowl
24_Objects,6 ,ske,spoon
24_Objects,7 ,flasken,the bottles
24_Objects,8 ,blad,leaf
24_Objects,10,vinduerne,the windows
24_Objects,11,fjernsyn,television
24_Objects,12,radio,radio
24_Objects,13,spejl,mirror
24_Objects,14,urene,the clocks
24_Objects,15,mobiltelefon,cell phone
24_Objects,16,computeren,the computer
24_Objects,18,sofa,couch
24_Objects,19,lampe,lamp
24_Objects,20,skrivebordet,the desk
24_Objects,21,kurv,basket
24_Objects,22,armbåndsur,wrist watch
24_Objects,23,batteri,battery
24_Objects,24,sæbe,soap
24_Objects,26,pungen,the wallet
24_Objects,27,døren,the door
24_Objects,28,skærmene,the screens
24_Objects,29,kasse,box
24_Objects,30,sengetøjet,the bedding
24_Objects,31,tv,tv
24_Objects,32,skraber,scraper
24_Objects,33,barberer,shaving
24_Objects,35,tandpastaen,toothpaste
24_Objects,36,væggene,the walls
24_Objects,37,telefon tasker,phone bags
24_Objects,38,hjul,wheel
24_Objects,39,paraply,umbrella
24_Objects,40,gulv,floor
24_Objects,42,tag,roof
24_Objects,43,brev,letter
24_Objects,44,svamp,mushroom
24_Objects,45,nøgle,key
24_Objects,46,skab,cabinet
24_Objects,47,svømmebassin,pool
24_Objects,48,ting,thing
24_Objects,50,saks,scissors
24_Objects,51,klokken,o'clock
24_Objects,52,glas,glass
24_Objects,53,kopper,copper
24_Objects,54,pande,forehead
24_Objects,55,papirerne,the papers
24_Objects,56,maskine,machine
24_Objects,58,snor,cord
24_Objects,59,arkene,the sheets
24_Objects,60,genstand,object
24_Objects,61,motor,engine
24_Objects,62,stykke,piece
24_Objects,63,pakkerne,the packages
24_Objects,65,rod,red
24_Objects,66,flag,flag
24_Objects,67,kædeme,the chains
24_Objects,68,roman,novel
24_Objects,69,pulveret,the powder
24_Objects,70,kam,comb
25_Animals2,1,giraf,giraffe
25_Animals2,2,hval,whale
25_Animals2,3,abe,monkey
25_Animals2,4,delfin,dolphin
25_Animals2,5,haj,shark
25_Animals2,6,kæledyr,Pet
25_Animals2,7,uger,weeks
25_Animals2,8,ko,cow
25_Animals2,9,pingvin,penguin
25_Animals2,10,gris,pig
25_Animals2,11,vandmand,Aquarius
25_Animals2,12,ræv,fox
25_Animals2,13,ulv,wolf
25_Animals2,14,hjort,deer
25_Animals2,15,husdyr,pets
25_Animals2,16,kanin,rabbit
25_Animals2,17,myre,ant
25_Animals2,18,insekt orm,insect worm
25_Animals2,19,svane,swan
25_Animals2,20,isbjørn,polar bear
25_Animals2,21,egern,squirrel
25_Animals2,22,høne,hen
25_Animals2,23,får,sheep
25_Animals2,24,måge,seagull
25_Animals2,25,solsorte,mirlo (blackbird)
25_Animals2,26,grævling,badger
25_Animals2,27,slangerne,the snakes
25_Animals2,28,pindsvinene,the hedgehogs
25_Animals2,29,enhjørning,unicorn
25_Animals2,30,krone,crown
25_Animals2,31,kæle,cuddle
26_People,1,person,person
26_People,2,fjende,enemy
26_People,3,ven,friend
26_People,4,offentligheden,the public
26_People,5,kæreste,girlfriend
26_People,6,baby,baby
26_People,7,mennesker,people
26_People,8,ungdommen,the youth
26_People,9,kultur,culture
26_People,10,befolkningen,the population
26_People,11,konference,conference
26_People,12,fundament,foundation
26_People,13,komite,committee
26_People,14,forhold,relationship
26_People,15,individ,individual
26_People,16,stk,piece
26_People,17,dame,lady
26_People,18,borger,citizen
26_People,19,offer,offer
26_People,20,folk,people
